Name,Email,College Name,Contact Number,City,Gender
John Doe,johndoe@example.com,University A,123-456-7890,City X,Male
Ella Johnson,ellajohnson@example.com,University A,123-456-7890,City X,Female
Jane Smith,janesmith@example.com,College B,987-654-3210,City Y,Female
Evan Davis,evandavis@example.com,College B,987-654-3210,City Y,Male
Michael Johnson,michaeljohnson@example.com,Institute C,567-890-1234,City Z,Male
Sophia Wilson,sophiawilson@example.com,Institute C,567-890-1234,City Z,Female
Lucas Smith,lucassmith@example.com,University D,234-567-8901,City X,Male
Avery White,averywhite@example.com,College E,876-543-2109,City Y,Female
Owen Miller,owenmiller@example.com,Institute F,345-678-9012,City Z,Male
Aria Clark,ariaclark@example.com,University G,654-321-0987,City X,Female
Leo Brown,leobrown@example.com,College H,210-987-6543,City Y,Male
Mia Hall,miahall@example.com,Institute I,789-012-3456,City Z,Female
Isaac Taylor,isaactaylor@example.com,University J,432-109-8765,City X,Male
Layla Moore,laylamoore@example.com,College K,321-098-7654,City Y,Female
Carter Anderson,carteranderson@example.com,Institute L,901-234-5678,City Z,Male
Nova Walker,novawalker@example.com,University M,543-210-9876,City X,Female
Elijah Wilson,elijahwilson@example.com,College N,876-543-2109,City Y,Male
Zara Martinez,zaramartinez@example.com,Institute O,345-678-9012,City Z,Female
Henry Garcia,henrygarcia@example.com,University P,654-321-0987,City X,Male
Scarlett Davis,scarlettdavis@example.com,College Q,210-987-6543,City Y,Female
Gabriel Harris,gabrielharris@example.com,Institute R,789-012-3456,City Z,Male
Amelia Jackson,ameliajackson@example.com,University S,432-109-8765,City X,Female
Logan Brown,loganbrown@example.com,College T,321-098-7654,City Y,Male
Aurora Taylor,aurorataylor@example.com,Institute U,901-234-5678,City Z,Female
Jackie Lee,jackielee@example.com,University V,543-210-9876,City X,Male
Nora Wilson,norawilson@example.com,College W,876-543-2109,City Y,Female
Isaiah Miller,isaiahmiller@example.com,Institute X,345-678-9012,City Z,Male
Stella Hall,stellahall@example.com,University Y,654-321-0987,City X,Female
Caleb Anderson,calebanderson@example.com,College Z,210-987-6543,City Y,Male
Hazel Thomas,hazelthomas@example.com,Institute AA,789-012-3456,City Z,Female
Dylan Martin,dylanmartin@example.com,University BB,432-109-8765,City X,Male
Sophie Johnson,sophiejohnson@example.com,College CC,321-098-7654,City Y,Female